Level;Name;Description;ShortCode;Uri;BroaderConcept
1;Berufspraktisches Wissen und Können;;;;
2;Organisation;Die meisten Lehr-Lern-Angebote sind in Organisationen eingebettet und erfordern Kooperationen und Absprachen über Inhalte, Methoden, Rahmenbedingungen und Zielgruppen mit potenziellen Auftraggebenden oder Arbeitgebenden. Dazu bedarf es zum einen kooperativer Kompetenzen wie Kommunikationsfähigkeit und Verhandlungsgeschick und zum anderen eines guten Überblicks über die regionale Weiterbildungslandschaft und ihre jeweilige Vernetzung. So kann eine optimale Platzierung des eigenen Angebots gelingen. Neben der Kooperation mit Auftraggebenden trägt auch die Vernetzung und kollegiale Zusammenarbeit mit anderen Lehrenden erheblich zur (Weiter-)Entwicklung eigener Lehrangebote bei.;;;Berufspraktisches Wissen und Können
3;Kollegiale Zusammenarbeit/Netzwerken;Für die Verortung von eigenen Angeboten benötigen Lehrende Kenntnisse über die Strukturen und Angebote der Einrichtung, für die sie tätig sind. Auf diese Weise können sie Querverbindungen zu anderen Angeboten herstellen. Dazu bedarf es Fähigkeiten der kollegialen und kommunikativen Zusammenarbeit innerhalb und außerhalb von beauftragenden Einrichtungen sowie in interdisziplinären Teams. Bei der Lösung technischer oder fachlich-didaktischer Fragestellungen kann eine Zusammenarbeit mit interdisziplinären Teams oder Netzwerken gewinnbringend sein. Dazu gehört auch die Erstellung und der Austausch von freien Lern- und Lehrmaterialien, die unter offener Lizenz geteilt werden können (Open Educational Resources, OER). Die Vernetzung und Zusammenarbeit von Lehrenden kann über unterschiedliche formalisierte und informelle Formate wie beispielsweise durch den kollegialen Austausch, Fachtagungen, Netzwerke, professionelle Lerngemeinschaften oder über Soziale Medien erfolgen.;;;Organisation
3;Koopertaion mit den Auftraggebenden/Arbeitgebenden;Lehrende in der Erwachsenen- und Weiterbildung sollen unabhängig von ihrer Beschäftigungssituation (freiberuflich tätig oder fest angestellt) in der Lage sein, gut mit (potenziellen) Auftraggebenden bzw. Arbeitgebenden zu kooperieren. Kooperation ist erforderlich bei der Neukonzipierung oder Erweiterung von Angeboten zum Informationsaustausch sowie bei der Suche nach gemeinsamen Problemlösungen. Dazu bedarf es sozialer und kommunikativer Fähigkeiten, Verhandlungsgeschick, Überzeugungsfähigkeit, Konfliktfähigkeit und Problemlösungskompetenz. Freiberuflich tätig Lehrende, die neue Kooperationen anbahnen wollen, müssen zudem in der Lage sein, sich relevante Informationen über potenzielle Auftraggebende bzw. Arbeitgebende zu beschaffen, beispielsweise zu deren Zielen, Adressatinnen und Adressaten, ihrem Programm, spezifischen Honorarkorridoren, vorhandener (medialer) Ausstattung sowie zu deren Organisationskultur und Werten. Hierzu sind Fähigkeiten zur Informationsrecherche und -bewertung unter Nutzung geeigneter (digitaler) Kanäle sowie Tools und Werkzeuge erforderlich. Lehrende können mithilfe sozialer Medien potenzielle Auftraggebende bzw. Arbeitgebende auf ihr berufliches Profil und ihre Angebote aufmerksam machen.;;;Organisation
2;Kommunikation und Interaktion;Kommunikation und Interaktion in und mit der Lerngruppe gehören zu den wesentlichen Elementen des Lehrhandelns. Der Kompetenzbereich umfasst sowohl soziale Interaktion innerhalb einer Gruppe als auch zwischenmenschliche Kommunikation. In Interaktionszusammenhängen innerhalb der Gruppe erfüllen Personen einen gemeinsamen Zweck für eine bestimmte Dauer und entwickeln dabei Gefühle der Zusammengehörigkeit, gemeinsame Ziele, Verhaltensmuster und Rollendifferenzierungen. Lehrende müssen über Kommunikations- und Interaktionsprozesse die Zusammenarbeit mit anderen steuern, Arbeits- und Entwicklungsprozesse begleiten und moderieren. Im Sinne einer professionellen Kommunikation ist eine professionelle Gesprächsführung unter Beachtung allgemeiner Umgangsformen sowie die Gestaltung einer kooperativen und konstruktiven Gesprächskultur elementar.;;;Berufspraktisches Wissen und Können
3;Professionelle Kommunikation;Die Relevanz einer professionellen Kommunikation zeigt sich an vielen Stellen im Lehr-Lern-Prozess. Innerhalb und außerhalb des Unterrichtsgeschehens sind Umgangsformen und professionelle Gesprächsführung elementar. Diese Kommunikationsabläufe können von Lehrenden gestaltet werden. Zum pädagogischen Repertoire der Lehrenden gehören die Beachtung allgemeiner Umgangsregeln sowie die Gestaltung einer kooperativen Gesprächskultur. Außerdem sollten Lehrende organisatorische Kommunikationsabläufe sicherstellen und steuern. Diese können mithilfe digitaler Medien, Tools und Werkzeugen unterstützt werden, indem Lehrende beispielsweise verschiedene digitale Kommunikationstools sinnvoll für den Austausch mit den Teilnehmenden nutzen (z.B. zur Klärung organisatorischer Aspekte). So werden organisatorische Abläufe verbessert und zusätzliche Informationen bereitgestellt. Auch im digitalen Raum ist es erforderlich, Verbindlichkeiten zwischen den Lernenden zu schaffen und Umgangsregeln für die gemeinsame Kommunikation wie eine Netiquette zu etablieren. Dabei gilt es, die Besonderheiten verbaler und non-verbaler Kommunikation (z.B. Gestik, Mimik, Körpersprache) in digitalen Lernumgebungen zu berücksichtigen.;;;Kommunikation und Interaktion
3;Moderation und Steuerung von Gruppen;In der Erwachsenenbildung findet Lernen häufig gemeinsam in der Gruppe statt. Eine Gruppe stellt eine Ansammlung von Individuen dar, in der soziales Lernen zur Entfaltung einer eigenen Qualität und Dynamik führt. Dabei werden die Lernchancen und Lerngrenzen durch Umgangsformen und Kommunikationsstile der Gruppenmitglieder beeinflusst. Neben dem Verstehen und Leiten von Gruppen sowie dem Wissen um Gruppendynamiken und -strukturen sollten Lehrende daher die Fähigkeit besitzen, Kommunikationsprozesse moderierend zu leiten, zu steuern und die Vernetzung der Lernenden zu ermöglichen. Diese Art der Gruppenleitung zielt darauf ab, das Leistungspotenzial der Gruppe zu aktivieren und zu nutzen. Gruppen können sowohl im Präsenzraum als auch in digital-gestützten Lehr-Lern-Settings zusammenarbeiten. Grundsätzlich sind (Online-)Gruppenprozesse durch entsprechende (digitale) Tools / Werkzeuge und (Online-)Moderationstechniken sinnvoll zu steuern und zu strukturieren. Dazu gehört auch der konstruktive Umgang mit technischen Problemen und Störungen innerhalb der Gruppe. Bei der Steuerung von Gruppenprozessen besteht die Herausforderung darin, eine vertrauensvolle Gesprächsatmosphäre herzustellen, Lernenden Raum zu geben und eine Lernatmosphäre zu schaffen, in der sich Teilnehmende sicher und wohl fühlen, motiviert sind und ihr individuelles Leistungspotenzial zeigen können. Es lassen sich synchrone (also zeitgleiche) und asynchrone (also zeitversetzte) Prozessverläufe unterscheiden. Synchrone Kommunikationsverläufe finden sowohl in digital-gestützten Lehr-Lern-Settings als auch im Präsenzraum statt. Asynchrone Kommunikation findet vor allem durch digitale Medien und mithilfe digitaler Anwendungen, Tools und Werkzeugen statt. Die Moderation bzw. Steuerung von asynchron zusammenarbeitenden Gruppen erfordert von den Lehrenden eine gute Strukturierung und Filterung der Beiträge.;;;Kommunikation und Interaktion
2;Beratung/Individualisierte Lernunterstützung;Lehrende sind in ihrem Handeln immer wieder herausgefordert, Lernende zu unterstützen und zu beraten. Dabei muss nicht unbedingt ein Problem vorliegen, sondern es geht eher um die Frage, unter welchen Bedingungen sich das Lernpotenzial eines Lernenden richtig entfalten kann. Insofern ist Beratung als Lernberatung bzw. Lernbegleitung abzugrenzen von psychologischer oder sozialpädagogischer Beratung. Im Kompetenzbereich Beratung / Individualisierte Lernunterstützung wird unterschieden zwischen Diagnostik und Beratung sowie Lernbegleitung / Lernunterstützung. Lernberatung umfasst diesem Verständnis nach eher Problem- und Handlungsbereiche des Lernens Einzelner. Diagnostische Instrumente und Informationen helfen dabei, Lernhindernisse der Lernenden zu erkennen und zu analysieren. Lernbegleitung / Lernunterstützung wird verstanden als eine Lernprozessbegleitung des gesamten Kurses / Trainings. Das hierzu geforderte Lehrhandeln lässt sich am ehesten mit vielfältigen didaktischen Handlungsformen verbinden. Die erfolgreiche Beratung, Begleitung und Unterstützung der Lernenden setzt die Ausrichtung des Lernangebotes an den Teilnehmenden selbst, ihren demografischen Merkmalen, Vorkenntnissen, Interessen und Ressourcen sowie ihre aktive Einbeziehung voraus.;;;Berufspraktisches Wissen und Können
3;Teilnehmendenorientierung;Teilnehmende lassen sich von den Adressatinnen und Adressaten insofern unterscheiden, als dass Teilnehmende die Personen sind, die tatsächlich zu dem jeweiligen Kursangebot erscheinen, während Adressatinnen und Adressaten als potenzielle Zielgruppe zu verstehen sind. Teilnehmendenorientierung umfasst die Fähigkeit, bei der Planung und Durchführung eines Kurses Wissen über relevante Merkmale der Teilnehmenden zu berücksichtigen, um das Lernangebot möglichst gut auf die Bedürfnisse der Teilnehmenden hin abzustimmen: beispielsweise demografische Merkmale und soziokulturelle Prägungen, Vorkenntnisse, (Lern-) Interessen, vorhandene Ressourcen oder limitierende Faktoren. Konkret heißt dies, dass die ausgewählten Lehr-Lern-Aktivitäten, die Methoden, Techniken, (digitale) Medien, Tools/Werkzeuge, Inhalte und Materialien so weit wie möglich mit den Möglichkeiten und Interessen der Teilnehmenden im Einklang stehen sollen. Unter dem Aspekt von demokratischer Partizipation und Empowerment gehört zur Teilnehmendenorientierung ferner, die Teilnehmenden im Rahmen des Möglichen an Entscheidungen, die den Kurs betreffen zu beteiligen, ihre aktive Mitwirkung sowie ihre Selbststeuerungs- und Selbstlernkompetenzen zu stärken. Lehrende sollten die passenden Lernimpulse setzen und das Lernen anregen und unterstützen. In der Erwachsenen- und Weiterbildung unterscheiden sich die Teilnehmenden in einem Kurs meist stärker voneinander hinsichtlich des Alters, der ethnischen Herkunft und Nationalität, der Religion und Weltanschauung, einer möglichen Behinderung oder der sexuellen Orientierung und Identität, als es in anderen Bildungsbereichen der Fall ist. Gleiches gilt oft auch für die Vorkenntnisse und Vorbildung, welche die Teilnehmenden in den Kurs mitbringen. Bei divers zusammengesetzten Teilnehmendengruppen erfordert Teilnehmendenorientierung zudem die Fähigkeit zur Binnendifferenzierung und Individualisierung des Unterrichts.;;;Beratung/Individualisierte Lernunterstützung
3;Diagnostik und Lernberatung;Lehrende müssen die Lernausgangslagen und Lernvoraussetzungen wie beispielsweise Vorwissen, kognitive Bedingungen, Motivationen und Interessen der Lernenden analysieren, um optimale Lernunterstützung geben zu können. Für eine zielgerichtete Reaktion auf Lernschwierigkeiten ist es zuerst notwendig, die genauen Lernhindernisse und -probleme sowie die Gründe hierfür zu erkennen. Um die notwendigen Informationen über die Lernenden zu erhalten, können Lehrende unterschiedliche diagnostische Instrumente und digitale Tools / Werkzeuge unter Wahrung der datenschutzrechtlichen Bestimmungen einsetzen, die Ergebnisse auswerten und für Lernberatungsgespräche nutzen. Die Lernberatungsgespräche sind als direkte individuelle und personenbezogene Interaktionsprozesse zwischen Lehrenden und Lernenden zu verstehen. Im Rahmen eines Lernberatungsgesprächs geht es um das Reflektieren und Ermitteln von individuellen Lernsituationen und -problemen einzelner Lernender. Durch gemeinsames Reflektieren und Verstehen können so individuelle Lerngründe ermittelt und entsprechende Lernimpulse gesetzt werden.;;;Beratung/Individualisierte Lernunterstützung
2;Didaktik und Methodik;Didaktik und Methodik sind die Kernelemente des Lehr- und Lernprozesses und gehören damit zum zentralen berufspraktischen Wissen und Können Lehrender. Bildungstheoretisch wird unter Didaktik das Was, welches gelehrt wird, verstanden. Didaktische Fragestellungen beziehen sich im Kern auf die Konzeption und Planung von Lehr-Lern-Gelegenheiten, um lernwirksames Lehren entsprechend den Voraussetzungen und dem Vorwissen der Teilnehmenden zu ermöglichen und Lernprozesse zu gestalten. Dazu müssen Faktoren wie die Bestimmung der Zielgruppe, die Rahmenbedingungen, die Lerninhalte und der Lernziele sowie die Konzeption, Durchführung und Evaluation des Angebots mit bedacht werden. Der Didaktik liegt die Annahme zugrunde, dass es nicht genügt, den Lernenden Informationen und Fachwissen zur Verfügung zu stellen, sondern dass Lernprozesse gestaltet und an Lernergebnissen orientiert sein müssen. Unter Methodik werden Verfahren gefasst, um ein Lernziel planmäßig zu erreichen. Methodik klärt somit die Frage nach dem Wie des Lernens und baut auf didaktischen Überlegungen auf (Schüßler, 2011, S. 450). Methodische Überlegungen legen den Fokus auf alle Verfahren und Hilfsmittel, um die festgelegten Lernziele zu erreichen und die aktive Teilnahme der Lernenden zu fördern.;;;Berufspraktisches Wissen und Können
3;Lerninhalte und -ziele;Die Planung und der Einsatz von Lerninhalten und -zielen umfassen das Wissen und Können hinsichtlich der Formulierung und Festlegung eines Lehrplans sowie von Lerninhalten und -zielen für ein Lehr-Lern-Angebot. Lernziele dienen der Orientierung und Qualitätssicherung im Hinblick auf die eigene Unterrichtsplanung, der reflektierten Auswahl von Lerninhalten sowie als Vergleichspunkt für Evaluationen und Lernstandkontrollen. Bei der Planung und Auswahl von Lerninhalten gilt es sowohl die Qualität der Inhalte als auch der verwendeten (digitalen) Informationskanäle und -quellen kritisch zu prüfen und zu bewerten. Die Planung der Inhalte und Ziele eines Lerngegenstandes sollte in erster Linie an den Teilnehmenden ausgerichtet sein: Inhalte und Ziele sollten sinnvoll, relevant, lebensdienlich, aktuell und nützlich sein sowie an bestehendes Wissen und Können der Teilnehmenden anknüpfen. Auch sollten die Lerninhalte und -ziele für die Teilnehmenden transparent sein und – je nach Kontext – gemeinsam mit den Teilnehmenden dialogisch erarbeitet werden;;;Didaktik und Methodik
3;Methoden, Medien und Lernmaterialien;Die Kompetenzfacette „Methoden, Medien und Lernmaterialien“ umfasst die reflektierte und kritische Auswahl, Nutzung und Gestaltung geeigneter Methoden, (digitaler) Medien und Lernmaterialien zur Unterstützung und Evaluation von Lehr-Lern-Prozessen. Nur wenn Methoden, (digitale) Medien und Lernmaterialien an vorher festgelegten Lernzielen ausgerichtet sind und verschiedene Einflussfaktoren berücksichtigt werden, wird das aktive Lernen optimal begünstigt bzw. ermöglicht. Neben der Ausrichtung auf die Lernziele sollten Methoden, (digitale) Medien und Lernmaterialien an den zu vermittelnden Inhalten sowie den Interessen, (Lern-)Bedürfnissen und Motivationslagen der Teilnehmenden ausgerichtet sein und gegebene Rahmenbedingungen berücksichtigen. Bei der Auswahl, Nutzung und Gestaltung geeigneter Methoden, (digitaler) Medien und Lernmaterialien müssen medien-, urheber- und datenschutzrechtliche sowie medienethische Aspekte, wie beispielsweise die Regeln des Urheberrechtes und der Umgang mit sensiblen Daten, berücksichtigt werden. Die im Lehr-Lern-Prozess eingesetzten Methoden, Medien und Lernmaterialien müssen evaluiert werden. Für diese Evaluation ist es notwendig, dass Lehrende sich von den Lernenden Feedback einholen, um auf Basis dieses Feedbacks Optimierungen am Lehr-Lern-Angebot vorzunehmen.;;;Didaktik und Methodik
3;Rahmenbedingungen und Lernumgebungen;Die Kompetenzfacette Rahmenbedingungen und Lernumgebungen umfasst räumliche, zeitliche, personelle, mediale und organisatorische Rahmenbedingungen, in die das Lehr-Lern-Setting eingebettet ist und die mehr oder minder planvoll beeinflusst werden können. Zu den Rahmenbedingungen zählen beispielsweise die Teilnehmendenzahl, die Zielgruppe, das Thema, der physische oder digitale Ort, die Dauer, das Material sowie die Medien, welche zur Verfügung stehen. Digital-gestützte Lernumgebungen kommen immer häufiger zum Einsatz und lassen sich als planmäßig gestaltete Lernarrangements verstehen, in denen basierend auf digitalen Medien und Infrastrukturen Rahmenbedingungen geschaffen werden, die das Lernen ermöglichen und fördern sollen. Damit Lernprozesse erfolgreich verlaufen, müssen Lerninhalte und -ziele mit der gegebenen Lernumgebung kompatibel sein. Die Aufgabe der Lehrenden besteht daher darin, Rahmenbedingungen vorab zu klären und bestmöglich anzupassen und auszuschöpfen, um eine konstruktiv-unterstützende (digital-gestützte) Lernumgebung zu schaffen.;;;Didaktik und Methodik
3;Outcomeorientierung;"Die Kompetenzfacette Outcomeorientierung umfasst die Ausrichtung des eigenen Lehrhandelns an zu erreichenden Lernergebnissen. Im Gegensatz dazu steht die Orientierung an Lerninhalten (""Inputorientierung""). Mit der Outcomeorientierung geht die Überzeugung einher, dass es nicht ausreicht, den Teilnehmenden lediglich die Lerninhalte zur Verfügung zu stellen, sondern dass das Lernen der Teilnehmenden gezielt angeregt, gefördert und ermöglicht werden soll. Zur Outcomeorientierung gehört, dass bereits die mikrodidaktische Feinplanung der konkreten Lehr-Lern-Aktivitäten, der einzusetzenden Methoden und Materialien immer auch im Hinblick auf die zu erreichenden Lernergebnisse erfolgt. Im Verlauf des Lehr-Lern-Geschehens muss die Erreichung der zuvor definierten Lernergebnisse durch Lernerfolgskontrollen im Sinne eines Soll-Ist-Vergleichs überprüft werden. Zeitpunkt bzw. Häufigkeit und Art der Lernerfolgskontrollen sollten situationsgerecht von der Lehrkraft bestimmt werden. Die Lernerfolgskontrollen sollten zudem so gestaltet sein, dass die Lernenden zur Reflexion ihres individuellen Kompetenzentwicklungsprozesses angeregt werden. Dazu muss die Lehrkraft verschiedene Methoden sowie (digitale) Tools / Werkzeuge kennen und im Hinblick auf ihre Eignung für den jeweils gegebenen Kontext (Art der zu überprüfenden Lernziele, Charakteristika der Teilnehmenden, Prüfungssituation etc.) sowie im Hinblick auf datenschutzrechtlichen Aspekten beurteilen können. In rein digitalen Lehr-Lernsettings (z.B. in asynchronen Kursen auf Lehr-Lern-Plattformen) werden Lernstand und Lernerfolg häufig systemseitig definiert. Hier ist es erforderlich, dass Lehrende, die diesen Erhebungen zugrunde liegenden datengestützten Prozesse kennen und ggf. im Falle einer Nutzung der eigenen Beurteilung zur Seite stellen.";;;Didaktik und Methodik
2;Fachdidaktik;Spezifische Fachdidaktik;;;Berufspraktisches Wissen und Können
3;Fachdidaktik;Spezifische Fachdidaktik;;;Fachdidaktik
1;Fach- und feldspezfisches Wissen;;;;
2;Feldbezug;Die Erwachsenen- und Weiterbildung ist im Gegensatz zu anderen Bildungsbereichen in ihrer Struktur und ihren Rahmenbedingungen durch eine große Heterogenität gekennzeichnet und verfolgt mit ihren einzelnen Teilbereichen ganz spezifische Ziele. Gemeinsam ist ihnen, dass es sich um Bildungsveranstaltungen handelt, deren Teilnehmende Erwachsene sind. Lehrende sollten allgemeine Kenntnis über ihr berufliches Handlungsfeld der Erwachsenen- und Weiterbildung haben und die Besonderheiten des Lernens Erwachsener kennen. Dazu gehört, die spezifischen Anforderungen von Institutionen sowie das strukturelle Umfeld des Weiterbildungsbereichs zu kennen und Wissen darüber zu haben, welches sich auf das gesamte Feld der Weiterbildung bezieht. Hierzu zählen auch Kenntnisse über besondere Vorgaben oder Rahmenbedingungen von Institutionen unterschiedlicher Weiterbildungsfelder, ihrer spezifischen Ziele und Prinzipien, ihrer Adressatinnen und Adressaten sowie Kundinnen und Kunden, um Angebote zu planen und durchzuführen und diese gut positionieren zu können. Letzteres erfordert die Auseinandersetzung mit den besonderen Motiven und Interessen von erwachsenen Lernenden, die mit Weiterbildungsangeboten adressiert werden sollen.;;;Fach- und feldspezfisches Wissen
3;Adressatinnen und Adressaten;Die Adressatinnen und Adressaten eines bestimmten Lehr-Lern-Angebots sind dessen potenzielle Zielgruppe, also alle Personen, an die sich das Angebot richtet. Im Unterschied dazu sind Teilnehmende diejenigen Personen, die tatsächlich zu dem jeweiligen Kursangebot erscheinen. Die Adressatinnen und Adressaten eines Angebots zeichnen sich durch bestimmte Merkmale aus (z.B. eine bestimmte Altersspanne, bestimmte Interessenlagen, berufliche Ziele, Lebenssituationen, Vorkenntnisse), aufgrund derer sie sich zur Zielgruppe des jeweiligen Kurses zählen lassen. Die Beschäftigung mit Adressatinnen und Adressaten ist für Lehrende vor allem in der Planungsphase des Angebots relevant. Lehrende müssen Wissen über die relevanten Charakteristika der Adressatinnen und Adressaten (z.B. Interessen, Gewohnheiten, Vorlieben, Bedürfnisse, Ängste, vorhandene Ressourcen, Nutzungsgewohnheiten in Bezug auf digitale Medien und Tools, bestehende Einschränkungen und Barrieren etc.) haben. Zudem benötigen die Lehrenden das Wissen darüber, dass sich die Gruppe der Adressatinnen und Adressaten durch die Digitalisierung verändern kann, da digitale Lehr-Lern-Angebote eine ortsunabhängige Teilnahme ermöglichen.;;;Feldbezug
3;Feldspezifisches Wissen;Lehrende in der Erwachsenen- und Weiterbildung sollten Wissen über das Feld der Erwachsenenbildung insgesamt sowie über die unterschiedlichen Handlungsfelder besitzen. In Bezug auf die Erwachsenenbildung insgesamt sollten Lehrende wissen, dass dieses Feld anders strukturiert ist und anderen Ansprüchen folgt als der formale Bildungsbereich. Zudem benötigen Lehrende Wissen über die Besonderheiten des Lernens im Erwachsenenalter. Darüber hinaus gibt es in der Erwachsenen- und Weiterbildung unterschiedliche Handlungsfelder, die sich über ihren gesellschaftspolitischen Auftrag, ein spezifisches Bildungsverständnis, die Funktion, ihre Themen sowie ihre Adressatinnen und Adressaten definieren. Zu diesen Handlungsfeldern zählen die berufliche, betriebliche, allgemeine, wissenschaftliche, politische und konfessionelle Erwachsenenbildung. Lehrende sollten Wissen darüber haben, welche Handlungsfelder mit welchen feldspezifischen Zielen und Prinzipien in der Weiterbildung existieren und welchem Handlungsfeld die Weiterbildungseinrichtung(en), in der bzw. denen sie tätig sind, zugehörig sind. Dazu zählen auch die Besonderheiten hinsichtlich organisatorischer und rechtlicher Rahmenbedingungen eines spezifischen Handlungsfeldes.;;;Feldbezug
3;Curriculare und institutionelle Rahmenbedingungen;Lehrende müssen sich mit den Anforderungen der Weiterbildungseinrichtungen auseinandersetzen, für die sie tätig sind. Im Gegensatz zu anderen Bildungsbereichen gibt es in der Erwachsenenbildung unterschiedliche Vorgaben und Rahmenbedingungen, welche die Lehrenden kennen müssen. Das Wissen über curriculare und institutionelle Rahmenbedingungen umfasst sowohl Kenntnisse über die spezifische Abfolge von Fachinhalten als auch Kenntnisse, die sich auf dafür notwendige angemessene Materialien und (digitale) Medien beziehen. Konkret bedeutet das für Lehrende beispielsweise die einrichtungsinterne digitale Ausstattung und Vorgaben bzgl. Softwarenutzung, die einrichtungsinternen Rahmenlehrpläne bzw. Modulpläne (u.a. Hinweise zur Gestaltung von Lernumgebungen, Aspekte der Qualitätssicherung, Erstellung und Abnahme von Prüfungen) sowie dazugehörige Beratungs- und Supportkapazitäten des spezifischen Weiterbildungsfeldes und der Weiterbildungseinrichtung zu kennen.;;;Feldbezug
2;Fachinhalt;Spezifischer Fachinhalt;;;Fach- und feldspezfisches Wissen
3;Fachinhalt;Spezifischer Fachinhalt;;;Fachinhalt
1;Professionelle Werthaltungen und Überzeugungen;;;;
2;Berufsethos;In der Weiterbildung lehrend tätig zu sein, bedeutet, eng mit Menschen zusammenzuarbeiten. Das setzt voraus, dass man orientiert an moralischen Vorstellungen handelt. Gemeint sind damit sowohl Vorstellungen über berufliche (Qualifikations-)Standards als auch persönliche Integrität. In diesem Sinne wird professionelles Handeln Lehrender als normativer Anspruch verstanden, in dem Sinne, dass Lehrende in der Pflicht stehen, den Individuen auf ihrem Lebensweg Hilfe und Unterstützung zu geben. Lehrende in der Erwachsenenbildung und Weiterbildung sollten sich an humanen, gesellschaftlichen sowie pädagogischen Werten orientieren und dabei ethische Verpflichtungen gegenüber der Lerngruppe und den einzelnen Personen übernehmen. Durch das Zusammenspiel der verinnerlichten Menschenbilder und der handlungsleitenden pädagogischen Werte können Lehrende dem Berufsethos der Erwachsenen- und Weiterbildung gerecht werden und ihr Handeln in der Praxis danach ausrichten.;;;Professionelle Werthaltungen und Überzeugungen
3;Menschenbilder;Die Kompetenzfacette „Menschenbilder“ umfasst die eigenen Vorstellungen, die Lehrende über Menschen und damit auch über ihre Teilnehmenden haben. Die Lehrenden haben ein bestimmtes Menschenbild, das ihre weltanschauliche Orientierung widerspiegelt. Es lassen sich verschiedene Menschenbilder unterscheiden, wie das humanistische Menschenbild, das kognitive Menschenbild, das behavioristische Menschenbild und das psycho-dynamische Menschenbild. Lehrende sollten den Lernenden ein Menschenbild vorleben, das zur Selbstentfaltung und Selbstverwirklichung anregt. Darüber hinaus müssen Lehrende sich über den Einfluss des Menschenbildes auf den Lehr-Lern-Prozess und dessen Qualität bewusst sein.;;;Berufsethos
3;Wertvorstellungen;Das professionelle Handeln Lehrender basiert auf persönlichen Wertvorstellungen, die das eigene professionelle Handeln prägen und beeinflussen. Diese Vorstellungen beinhalten Haltungen, Einstellungen und Werte, die Lehrende verinnerlicht haben und derer sie sich bewusst sein sollen. Lehrende sollen empathisch sein sowie Verständnis für die Gefühle und Sorgen der Teilnehmenden haben. Außerdem sollen sie ihren Teilnehmenden mit Respekt, Achtung und Wertschätzung gegenübertreten. Wertvorstellungen Lehrender sind auch dadurch geprägt, dass Lehrende ein Bewusstsein für das Wohlergehen der Teilnehmenden haben und dafür die Verantwortung tragen. Auch der Verinnerlichung von berufsethischen Standards und Prinzipien kommt für das professionelle Handeln von Lehrenden eine Bedeutung zu.;;;Berufsethos
2;Berufsbezogene Überzeugungen;Berufsbezogene Überzeugungen umfassen das Bewusstsein und die Identifikation mit der eigenen professionellen Rolle sowie subjektive Annahmen und Theorien der Lehrenden zum Lehren und Lernen. Die sich aus den subjektiven Annahmen ergebenden pädagogischen Haltungen und Überzeugungen hinsichtlich der Ausübung der beruflichen Tätigkeit beeinflussen die Qualität der Lehr-Lern-Prozesse. Lehrende haben in der Regel unterschiedliche Vorstellungen bezüglich der pädagogischen Unterstützung des Lernens ihrer Teilnehmenden, welche ihr Handeln mitbestimmen und ihre Haltung prägen. Diese professionellen Überzeugungen basieren zum Teil auf bewussten und reflektierten, oftmals aber auch auf unbewussten und impliziten subjektiven Theorien.;;;Professionelle Werthaltungen und Überzeugungen
3;Eigenes Rollenbewusstsein;Die Lehrtätigkeit hat sich in den vergangenen Jahrzehnten gewandelt. Die traditionelle Rolle als Informationsvermittlerin oder Informationsvermittler ist in den Hintergrund getreten. Vielmehr haben die Aufgaben der Anleitung sowie Begleitung und Unterstützung beim Lernprozess im Sinne einer Ermöglichungsdidaktik an Bedeutung gewonnen und profilieren die Rolle der Lehrenden als Lernbegleiterin und Lernbegleiter bzw. Lernunterstützerin und Lernunterstützer. Ebenso gibt es eine Vielfalt an Rollenerwartungen an die Lehrtätigkeit, wie sich an der begrifflichen Vielfalt (Lernbegleiterinnen und -begleiter, Lehrende, Trainerinnen und Trainer, Teamerinnern und Teamer oder Dozentinnen und Dozenten etc.) erkennen lässt. Lehrende müssen sich über die Erwartungen und Anforderungen an ihre Rolle, die von unterschiedlichen Seiten an sie herangetragen werden (u.a. von Teilnehmenden, Auftraggebenden), bewusst werden und sich kritisch mit ihnen auseinandersetzen. Nur so können sie sich klar dazu verhalten, Grenzen ziehen und produktiv auf sie reagieren. Neben einem Bewusstsein für die eigene Rolle und der Identifikation mit dieser ist es aber auch wichtig, bei Bedarf je nach Lehr-Lern-Situation (Begleiten, Wissen vermitteln etc.) und Lehr-Lern-Setting (hybrid, Präsenz, digital) flexibel zwischen unterschiedlichen Rollen wechseln zu können.;;;Berufsbezogene Überzeugungen
3;Subjektive Annahmen über das Lehren und Lernen;Lehrende haben konkrete Vorstellungen – sogenannte subjektive Annahmen – darüber, wie das Lernen und Lehren funktioniert und gestaltet werden sollte. Diese subjektiven Annahmen lassen sich in konstruktivistische und transmissive Theorien unterscheiden. Bei konstruktivistischen Theorien wird das Lernen als aktiver Lernprozess verstanden und den Lernenden wird eine aktive Rolle bei der Auseinandersetzung mit dem Lerngegenstand zugeschrieben. Lehrende übernehmen die Rolle einer Lernbegleiterin oder eines Lernbegleiters, welche oder welcher das Lernen ermöglicht und begleitet und vor allem die Selbstständigkeit der Lernenden fördert. Bei transmissiven Theorien hingegen wird Lernen als einseitiger Informationsvermittlungsprozess betrachtet, in dem den Lernenden eine passive Rolle zukommt. Lehrende nehmen die Rolle einer Wissensvermittlerin oder eines Wissensvermittlers ein und sind vorrangig für die Wissensweitergabe zuständig. Die eigenen subjektiven Vorstellungen über das Lehren und Lernen beeinflussen die Qualität der Lehr-Lern-Prozesse, wobei konstruktivistische subjektive Theorien positiver für die Qualität von Lehr-Lern-Prozessen sind. Lehrende sollten sich ihrer subjektiven Annahmen und deren Einfluss auf den Lehr-Lern-Prozess bewusst sein.;;;Berufsbezogene Überzeugungen
1;Professionelle Selbststeuerung;;;;
2;Motivationale Orientierungen;Motivationale Faktoren haben erheblichen Einfluss auf das professionelle Lehrhandeln. Mit motivationalen Orientierungen Lehrender in der Erwachsenen- und Weiterbildung ist zum einen das positive Erleben während der Ausübung der Lehrtätigkeit gemeint, das sich aus einem Enthusiasmus für das Fach sowie für die Lehrtätigkeit selbst ergibt. Zum anderen gehören dazu die Selbstwirksamkeitsüberzeugungen von Lehrenden, auch in herausfordernden Situationen über die erforderlichen Kompetenzen, Fähigkeiten und Mittel zu verfügen sowie ihre gesetzten Ziele zu erreichen. Diese Facetten bedingen sich gegenseitig: Eine ausgeprägte Selbstwirksamkeit führt zu einem größeren Enthusiasmus für die Tätigkeit und umgekehrt.;;;Professionelle Selbststeuerung
3;Selbstwirksamkeitsüberzeugungen;Unter Selbstwirksamkeit wird die Überzeugung verstanden, über die Fähigkeiten und Mittel zu verfügen, die für die erfolgreiche Bewältigung gegebener Anforderungen oder für eine Zielerreichung notwendig sind. Für Lehrende bedeutet dies, dass sie überzeugt davon sind, neue oder schwierige Anforderungssituationen aufgrund der eigenen Kompetenzen bewältigen zu können. Zudem gehen sie selbstbewusst davon aus, Kontrolle über die Lehr-Lern-Prozesse und die Zielerreichung zu haben. Selbstwirksamkeitsüberzeugungen beeinflussen u. a. die Ansprüche, die Lehrende an ihr eigenes erwachsenenpädagogisches Handeln stellen. Sie sind auch eng verknüpft mit der Wahrnehmung von Erfolg, Misserfolg und Belastungen. Eine hohe Selbstwirksamkeit ist gekennzeichnet durch zielgerichtetes Handeln auch unter herausfordernden Bedingungen.;;;Motivationale Orientierungen
3;Enthusiasmus;Enthusiasmus bezeichnet den Grad des positiven emotionalen Erlebens während der Ausübung der Lehrtätigkeit. Hierzu gehören die Freude an der Tätigkeit sowie die Tatsache, dass Lehrende aus eigenem Interesse heraus handeln – frei von externem Druck oder Kontrolle. Enthusiasmus als motivationale Orientierung meint das persönliche Engagement und die Begeisterungsfähigkeit von Lehrenden für ihr Fach und die Lehrtätigkeit als solche.;;;Motivationale Orientierungen
2;Selbstregulation;Für Lehrkräfte in der Erwachsenen- und Weiterbildung spielt die Fähigkeit zur Selbstregulation im Sinne eines verantwortungsvollen Umgangs mit den eigenen persönlichen Ressourcen eine besondere Rolle. Lehrende arbeiten häufig unter prekären Beschäftigungsbedingungen – bei gleichzeitig hoher Motivation. Sie sind einerseits herausgefordert, ein hohes Engagement für die Sache, die Teilnehmenden und die Tätigkeit aufzubringen und müssen sich andererseits von zu hohen Belastungen oder Erwartungen distanzieren können. Die Fähigkeit zur Selbstregulation zeigt sich außerdem im konstruktiven Umgang mit Feedback oder Kritik bezogen auf die eigene Person und das eigene Lehrhandeln.;;;Professionelle Selbststeuerung
3;Umgang mit Feedback und Kritik;Feedback und Kritik nehmen in Lehr-Lern-Situationen eine besondere Rolle ein. Dabei ist neben dem Erteilen von Feedback für Lehrende auch der Umgang mit Feedback oder Kritik bezogen auf die eigene Person und das eigene Handeln von Bedeutung. Konkret bedeutet dies, dass Lehrende in der Lage sein sollten, mit Feedback und Kritik konstruktiv umzugehen. Dazu gehört eine angemessene Reaktion auf positives und negatives Feedback ebenso wie die Suche nach geeigneten Zeiträumen und Orten zum Lösen von Problemen und Konflikten. Ebenfalls von Bedeutung für die Wirkung von Feedback und Kritik ist das Medium, durch welches Feedback kommuniziert wird. Eine Feedback- und Kritikfähigkeit ermöglicht einen produktiven Umgang mit Irritationen und kann eine nachhaltige Selbstreflexion ermöglichen.;;;Selbstregulation
3;Engagement und Distanz;Die Fähigkeit der Selbstregulation zeigt sich im verantwortungsvollen Umgang mit den eigenen Ressourcen. Damit ist ein ausgewogenes Maß an Engagement und Distanzierungsfähigkeit bezogen auf die Tätigkeit gemeint. Besonders aufgrund der zunehmenden Entgrenzung durch die Digitalisierung und die Möglichkeiten, überall und jederzeit zu arbeiten, ist es wichtig, mit den eigenen Ressourcen bewusst umzugehen. Die Verbindung von hohem Engagement und guter Distanzierungsfähigkeit bewahrt die Lehrenden vor Erschöpfung und ermöglicht es ihnen, mit Herausforderungen in ihrem pädagogischen Handeln effektiv umzugehen. Die Fähigkeit, mit den eigenen Ressourcen gesund zu haushalten, wirkt sich dabei sowohl auf die Qualität der Lehr-Lern-Prozesse als auch auf das berufliche Wohlbefinden der Lehrenden aus, wovon letztendlich auch die Teilnehmenden profitieren.;;;Selbstregulation
2;Berufspraktische Erfahrung;Einen großen Anteil der professionellen Handlungskompetenzen eignen sich Lehrende durch individuelle berufspraktische Erfahrungen in konkreten Praxissituationen an. Diese einmal angeeigneten Kompetenzen sind nicht als abgeschlossen zu verstehen, sondern als Kompetenzen, die sich fortwährend bewähren und neu entwickeln müssen. Lehrende sollten sowohl das Bewusstsein über die Wichtigkeit als auch die Bereitschaft zur Reflexion und Weiterentwicklung des eigenen professionellen Handelns mitbringen. Gemeint ist also eine Veränderungsbereitschaft und stetige Kompetenzentwicklung in Bezug auf das eigene Lehrhandeln. Eine professionell handelnde Lehrperson zeichnet sich demnach nicht nur dadurch aus, dass sie das für die aktuelle Situation erforderliche Wissen und Können mitbringt, sondern auch dadurch, dass sie berufliche Handlungen hinsichtlich der sich wandelnden praktischen Anforderungen stetig weiterentwickelt und reflektiert. Das schließt die Aufgeschlossenheit gegenüber, aber auch die kritische Auseinandersetzung mit neuen fachlichen und pädagogischen Themen mit ein.;;;Professionelle Selbststeuerung
3;Reflexion des eigenen Lehrhandelns;Um immer wieder angemessenes und innovatives Lehrhandeln zeigen zu können, ist es erforderlich, dass Lehrende ihr professionelles Handeln selbst reflektieren. Hierzu gehört auch, sich in die Teilnehmenden hineinzuversetzen und deren Perspektive einnehmen zu können. Die Reflexion des Lehrhandelns ist die Voraussetzung dafür, dass die Lehrenden nicht im einmal erworbenen berufspraktischen Erfahrungswissen verharren. Eine Reflexion des Lehrhandelns kann entweder bereits in der Handlung oder im Anschluss an die Handlung erfolgen. Gemeint ist damit ein bewusstes Überlegen bzw. Reflektieren während oder nach einer Handlungssituation. Lehrende sollten in der Lage sein und die Bereitschaft zeigen, ein solch reflektiertes Nachdenken aktiv zu betreiben. Eine Reflexion des Lehrhandelns kann in offener Form und in strukturierter Weise allein oder mit Unterstützung Dritter erfolgen.;;;Berufspraktische Erfahrung
3;Berufliche Weiterentwicklung;Fachinhalte und professionelles Handlungswissen verändern sich unter dem Einfluss gesamtgesellschaftlicher Entwicklungen. Zum Teil finden diese Veränderungen, wie am Beispiel der Digitalisierung deutlich wird, mit erheblicher Geschwindigkeit statt. Lehrende dürfen ihr Wissen und Können nicht als statisch und starr begreifen, sondern müssen für die eigene Kompetenzentwicklung Sorge tragen und sie als Grundlage ihres professionellen Handelns sehen. Dazu gehört im Sinne einer individuellen beruflichen Weiterentwicklung die Aufgeschlossenheit gegenüber unterschiedlichen pädagogischen und fachlichen Themen sowie die kritische Auseinandersetzung damit in Bezug auf die eigene Person und die eigene berufliche Tätigkeit. Erforderlich sind ein Bewusstsein für die Notwendigkeit solcher beruflichen Weiterentwicklungen wie auch die Bereitschaft, die eigenen Kompetenzentwicklungsbedarfe festzustellen und sich kontinuierlich weiterzuentwickeln.;;;Berufspraktische Erfahrung
